﻿<?xml version="1.0" encoding="utf-8"?>
<DacOrigin xmlns="http://schemas.microsoft.com/sqlserver/dac/Serialization/2012/02">
  <PackageProperties>
    <Version>3.1.0.0</Version>
    <ContainsExportedData>true</ContainsExportedData>
    <StreamVersions>
      <Version StreamName="Data">2.0.0.0</Version>
      <Version StreamName="DeploymentContributors">1.0.0.0</Version>
    </StreamVersions>
  </PackageProperties>
  <Operation>
    <Identity>3f1608a7-057d-4142-a880-ff882fabfe27</Identity>
    <Start>2022-04-21T17:36:34.5935710+05:30</Start>
    <End>0001-01-01T00:00:00.0000000</End>
    <ProductName>Microsoft.SqlServer.Dac, Version=15.0.0.0, Culture=neutral, PublicKeyToken=b03f5f7f11d50a3a</ProductName>
    <ProductVersion>15.0.5282.3</ProductVersion>
    <ProductSchema>http://schemas.microsoft.com/sqlserver/dac/Serialization/2012/02</ProductSchema>
  </Operation>
  <Server>
    <ServerVersion>Microsoft SQL Server 2019 (RTM) - 15.0.2000.5 (X64) 
	Sep 24 2019 13:48:23 
	Copyright (C) 2019 Microsoft Corporation
	Express Edition (64-bit) on Windows 10 Pro 10.0 &lt;X64&gt; (Build 19043: )
</ServerVersion>
    <ObjectCounts>
      <ComputedColumn>5</ComputedColumn>
      <DatabaseOptions>1</DatabaseOptions>
      <Index>16</Index>
      <PermissionStatement>2</PermissionStatement>
      <PrimaryKeyConstraint>16</PrimaryKeyConstraint>
      <SimpleColumn>483</SimpleColumn>
      <Table>32</Table>
    </ObjectCounts>
  </Server>
  <ExportStatistics>
    <SourceDatabaseSize>12936</SourceDatabaseSize>
    <TableRowCountTotalTag>313</TableRowCountTotalTag>
  </ExportStatistics>
  <Checksums>
    <Checksum Uri="/model.xml">07E134F60D0122EBEAB3FCB768DC05E39ED8DC526BB6B59937120A1C6BEB1CE2</Checksum>
  </Checksums>
  <ModelSchemaVersion>3.5</ModelSchemaVersion>
</DacOrigin>